{
    "carbs": {
        "RMSE": 0.22670794946844824,
        "MAE": 0.09680849206196926
    },
    "bolus": {
        "RMSE": 0.16639193552788242,
        "MAE": 0.023627513548102826
    },
    "bolus_given_carbs": {
        "RMSE": 0.028289706079677828,
        "MAE": 0.027357354474759614
    }
}
