{
    "carbs": {
        "RMSE": {
            "30": {
                "one_v_all": 0.28223936899843427
            },
            "45": {
                "all_v_one": 0.3317091924644614
            },
            "60": {
                "all_v_one": 0.2765231477188936
            },
            "75": {
                "all_v_one": 0.03675737097450898
            },
            "90": {
                "all_v_one": 0.2156657831132508
            }
        },
        "MAE": {
            "30": {
                "all_v_one": 0.25799158821467494
            },
            "45": {
                "all_v_one": 0.2560570383528159
            },
            "60": {
                "all_v_one": 0.09645985742077974
            },
            "75": {
                "all_v_one": 0.023094145233769105
            },
            "90": {
                "all_v_one": 0.1166175292879307
            }
        }
    },
    "bolus": {
        "RMSE": {
            "30": {
                "all_v_one": 0.09628949910282156
            },
            "45": {
                "one_v_all": 0.20539350180954907
            },
            "60": {
                "all_v_one": 0.2040941398606661
            },
            "75": {
                "one_v_all": 0.40844311516337484
            },
            "90": {
                "all_v_one": 0.0791844366331111
            }
        },
        "MAE": {
            "30": {
                "all_v_one": 0.05332216527510347
            },
            "45": {
                "one_v_all": 0.5487832547366592
            },
            "60": {
                "all_v_one": 0.04936309224523058
            },
            "75": {
                "all_v_one": 0.43467351898414414
            },
            "90": {
                "all_v_one": 0.03801758319571103
            }
        }
    },
    "bolus_given_carbs": {
        "RMSE": {
            "30": {
                "all_v_one": 0.27956968472948135
            },
            "45": {
                "all_v_one": 0.05493787881139298
            },
            "60": {
                "all_v_one": 0.07313384210592686
            },
            "75": {
                "all_v_one": 0.004417106732578289
            },
            "90": {
                "all_v_one": 0.03220214099371451
            }
        },
        "MAE": {
            "30": {
                "all_v_one": 0.1447795886561543
            },
            "45": {
                "all_v_one": 0.05378723068644551
            },
            "60": {
                "all_v_one": 0.08588957137672422
            },
            "75": {
                "all_v_one": 0.0088538713403355
            },
            "90": {
                "all_v_one": 0.030384175960214005
            }
        }
    }
}
