{
    "carbs": {
        "yes_no": {
            "RMSE": 0.023484718360627727,
            "MAE": 0.016680211810086044
        },
        "yes_wo_imputed_meals_no": {
            "RMSE": 0.022306842261532133,
            "MAE": 0.014179872809116444
        }
    },
    "bolus": {
        "yes_no": {
            "RMSE": 0.002167417927293238,
            "MAE": 0.0018123651294064337
        }
    }
}