{
    "carbs": {
        "nbeats_lstm": {
            "RMSE": 0.021190633792540152,
            "MAE": 0.008430060360317673
        },
        "nbeats_global": {
            "RMSE": 0.0028541224548925596,
            "MAE": 0.0019260917684130816
        },
        "nbeats_time": {
            "RMSE": 0.002615380265914721,
            "MAE": 0.001418145332606577
        }
    },
    "bolus": {
        "nbeats_lstm": {
            "RMSE": 0.061539003790534876,
            "MAE": 0.04877994984827489
        },
        "nbeats_global": {
            "RMSE": 0.021285919438106107,
            "MAE": 0.009684494235740434
        },
        "nbeats_time": {
            "RMSE": 0.006800681500930525,
            "MAE": 0.0035248831817611646
        }
    },
    "bolus_given_carbs": {
        "nbeats_lstm": {
            "RMSE": 0.09655917152612098,
            "MAE": 0.10306441136074508
        },
        "nbeats_global": {
            "RMSE": 0.00027068947933317326,
            "MAE": 0.00012015530395818511
        },
        "nbeats_time": {
            "RMSE": 0.00027085133087174614,
            "MAE": 0.0001560710212045416
        }
    },
    "carbs_wo_bolus": {
        "nbeats_lstm": {
            "RMSE": 0.38022847590870146,
            "MAE": 0.4729021136968091
        },
        "nbeats_global": {
            "RMSE": 0.2498935951878206,
            "MAE": 0.1505414074626503
        },
        "nbeats_time": {
            "RMSE": 0.2951311572010093,
            "MAE": 0.21049191184310848
        }
    }
}
