{
    "carbs": {
        "yes_no": {
            "RMSE": 0.022095864283280208,
            "MAE": 0.017490126888279348
        },
        "yes_wo_imputed_meals_no": {
            "RMSE": 0.024839652870863174,
            "MAE": 0.016168672642956013
        }
    },
    "bolus": {
        "yes_no": {
            "RMSE": 0.0020246725608202257,
            "MAE": 0.0026066286860496643
        }
    }
}