{
    "carbs": {
        "nbeats_lstm": {
            "RMSE": 0.25095203013956857,
            "MAE": 0.1420988556537269
        },
        "nbeats_global": {
            "RMSE": 0.003038028348957888,
            "MAE": 0.0016274321647137815
        },
        "nbeats_time": {
            "RMSE": 0.002634973289598884,
            "MAE": 0.0011682870004919548
        }
    },
    "bolus": {
        "nbeats_lstm": {
            "RMSE": 0.2927856053493281,
            "MAE": 0.3549404609922235
        },
        "nbeats_global": {
            "RMSE": 0.0025786172916210754,
            "MAE": 0.001670813180144429
        },
        "nbeats_time": {
            "RMSE": 0.005872721029336661,
            "MAE": 0.003920995679709749
        }
    },
    "bolus_given_carbs": {
        "lstm_nbeats": {
            "RMSE": 0.3055003156077544,
            "MAE": 0.23588169225180222
        },
        "lstm_global": {
            "RMSE": 0.0002847153857014665,
            "MAE": 0.00021186312120618445
        },
        "lstm_time": {
            "RMSE": 0.0002583256525681589,
            "MAE": 0.00024851700082449566
        }
    },
    "carbs_wo_bolus": {
        "nbeats_lstm": {
            "RMSE": 0.18999180265789334,
            "MAE": 0.18268397711784515
        },
        "nbeats_global": {
            "RMSE": 0.029307505400525707,
            "MAE": 0.03967567888088816
        },
        "nbeats_time": {
            "RMSE": 0.33989771258643287,
            "MAE": 0.2699060437351701
        }
    }
}
